timestamp,action,left_speed,right_speed
22:01:57,set_speed,50,50
22:01:57,forward,50,50
22:01:58,set_speed,50,50
22:01:58,forward,50,50
22:01:58,set_speed,50,50
22:01:58,forward,50,50
22:01:58,set_speed,50,50
22:01:58,forward,50,50
22:01:58,set_speed,50,50
22:01:58,forward,50,50
22:01:58,set_speed,50,50
22:01:58,forward,50,50
22:01:58,set_speed,50,50
22:01:58,forward,50,50
22:01:58,set_speed,50,50
22:01:58,forward,50,50
22:01:58,set_speed,0,0
22:01:58,stop,0,0
22:01:58,set_speed,60,60
22:01:58,forward,60,60
22:01:59,set_speed,0,0
22:01:59,stop,0,0
22:01:59,set_speed,0,0
22:01:59,stop,0,0
22:02:00,set_speed,60,60
22:02:00,forward,60,60
22:02:00,set_speed,0,0
22:02:00,stop,0,0
22:02:00,set_speed,50,50
22:02:00,forward,50,50
22:02:00,set_speed,50,50
22:02:00,forward,50,50
22:02:00,set_speed,50,50
22:02:00,forward,50,50
22:02:00,set_speed,50,50
22:02:00,forward,50,50
22:02:00,set_speed,50,50
22:02:00,forward,50,50
22:02:00,set_speed,50,50
22:02:00,forward,50,50
22:02:01,set_speed,50,50
22:02:01,forward,50,50
22:02:01,set_speed,50,50
22:02:01,forward,50,50
22:02:01,set_speed,50,50
22:02:01,forward,50,50
22:02:01,set_speed,50,50
22:02:01,forward,50,50
22:02:01,set_speed,50,50
22:02:01,forward,50,50
22:02:01,set_speed,50,50
22:02:01,forward,50,50
22:02:01,set_speed,50,50
22:02:01,forward,50,50
22:02:01,set_speed,50,50
22:02:01,forward,50,50
22:02:01,set_speed,50,50
22:02:01,forward,50,50
22:02:01,set_speed,50,50
22:02:01,forward,50,50
22:02:01,set_speed,50,50
22:02:01,forward,50,50
22:02:01,set_speed,0,0
22:02:01,stop,0,0
22:02:01,set_speed,60,60
22:02:01,forward,60,60
22:02:02,set_speed,0,0
22:02:02,stop,0,0
22:02:02,set_speed,0,0
22:02:02,stop,0,0
22:02:03,set_speed,-50,50
22:02:03,turn_left,-50,50
22:02:03,set_speed,0,0
22:02:03,stop,0,0
22:02:03,set_speed,0,0
22:02:03,stop,0,0
22:02:03,set_speed,50,-50
22:02:03,set_speed,50,-50
22:02:03,set_speed,50,-50
22:02:03,set_speed,50,-50
22:02:03,set_speed,50,-50
22:02:03,set_speed,50,-50
22:02:03,set_speed,50,-50
22:02:03,set_speed,50,-50
22:02:03,set_speed,0,0
22:02:03,stop,0,0
22:02:04,set_speed,60,60
22:02:04,forward,60,60
22:02:05,set_speed,0,0
22:02:05,stop,0,0
22:02:05,set_speed,50,50
22:02:05,forward,50,50
22:02:05,set_speed,0,0
22:02:05,stop,0,0
22:02:05,set_speed,-50,50
22:02:05,turn_left,-50,50
22:02:06,set_speed,0,0
22:02:06,stop,0,0
22:02:06,set_speed,0,0
22:02:06,stop,0,0
22:02:06,set_speed,50,-50
22:02:06,set_speed,0,0
22:02:06,stop,0,0
22:02:06,set_speed,50,-50
22:02:06,turn_right,50,-50
22:02:07,set_speed,0,0
22:02:07,stop,0,0
22:02:07,set_speed,0,0
22:02:07,stop,0,0
22:02:07,set_speed,50,50
22:02:07,forward,50,50
22:02:07,set_speed,50,50
22:02:07,forward,50,50
22:02:07,set_speed,50,50
22:02:07,forward,50,50
22:02:07,set_speed,50,50
22:02:07,forward,50,50
22:02:07,set_speed,50,50
22:02:07,forward,50,50
22:02:07,set_speed,50,50
22:02:07,forward,50,50
22:02:07,set_speed,50,50
22:02:07,forward,50,50
22:02:07,set_speed,50,50
22:02:07,forward,50,50
22:02:07,set_speed,50,50
22:02:07,forward,50,50
22:02:07,set_speed,50,50
22:02:07,forward,50,50
22:02:07,set_speed,50,50
22:02:07,forward,50,50
22:02:07,set_speed,50,50
22:02:07,forward,50,50
22:02:07,set_speed,50,50
22:02:07,forward,50,50
22:02:07,set_speed,50,50
22:02:07,forward,50,50
22:02:08,set_speed,50,50
22:02:08,forward,50,50
22:02:08,set_speed,50,50
22:02:08,forward,50,50
22:02:08,set_speed,50,50
22:02:08,forward,50,50
22:02:08,set_speed,50,50
22:02:08,forward,50,50
22:02:08,set_speed,50,50
22:02:08,forward,50,50
22:02:08,set_speed,50,50
22:02:08,forward,50,50
22:02:08,set_speed,50,50
22:02:08,forward,50,50
22:02:08,set_speed,50,50
22:02:08,forward,50,50
22:02:08,set_speed,50,50
22:02:08,forward,50,50
22:02:08,set_speed,50,50
22:02:08,forward,50,50
22:02:08,set_speed,50,50
22:02:08,forward,50,50
22:02:08,set_speed,50,50
22:02:08,forward,50,50
22:02:08,set_speed,50,50
22:02:08,forward,50,50
22:02:08,set_speed,50,50
22:02:08,forward,50,50
22:02:08,set_speed,50,50
22:02:08,forward,50,50
22:02:08,set_speed,50,50
22:02:08,forward,50,50
22:02:08,set_speed,50,50
22:02:08,forward,50,50
22:02:08,set_speed,50,50
22:02:08,forward,50,50
22:02:08,set_speed,50,50
22:02:08,forward,50,50
22:02:08,set_speed,50,50
22:02:08,forward,50,50
22:02:08,set_speed,50,50
22:02:08,forward,50,50
22:02:09,set_speed,50,50
22:02:09,forward,50,50
22:02:09,set_speed,50,50
22:02:09,forward,50,50
22:02:09,set_speed,50,50
22:02:09,forward,50,50
22:02:09,set_speed,50,50
22:02:09,forward,50,50
22:02:09,set_speed,50,50
22:02:09,forward,50,50
22:02:09,set_speed,50,50
22:02:09,forward,50,50
22:02:09,set_speed,50,50
22:02:09,forward,50,50
22:02:09,set_speed,50,50
22:02:09,forward,50,50
22:02:09,set_speed,50,50
22:02:09,forward,50,50
22:02:09,set_speed,50,50
22:02:09,forward,50,50
22:02:09,set_speed,50,50
22:02:09,forward,50,50
22:02:09,set_speed,50,50
22:02:09,forward,50,50
22:02:09,set_speed,50,50
22:02:09,forward,50,50
22:02:09,set_speed,50,50
22:02:09,forward,50,50
22:02:09,set_speed,50,50
22:02:09,forward,50,50
22:02:09,set_speed,50,50
22:02:09,forward,50,50
22:02:09,set_speed,50,50
22:02:09,forward,50,50
22:02:09,set_speed,50,50
22:02:09,forward,50,50
22:02:09,set_speed,50,50
22:02:09,forward,50,50
22:02:09,set_speed,50,50
22:02:09,forward,50,50
22:02:09,set_speed,50,50
22:02:09,forward,50,50
22:02:09,set_speed,50,50
22:02:09,forward,50,50
22:02:09,set_speed,50,50
22:02:09,forward,50,50
22:02:10,set_speed,50,50
22:02:10,forward,50,50
22:02:10,set_speed,50,50
22:02:10,forward,50,50
22:02:10,set_speed,50,50
22:02:10,forward,50,50
22:02:10,set_speed,50,50
22:02:10,forward,50,50
22:02:10,set_speed,50,50
22:02:10,forward,50,50
22:02:10,set_speed,50,50
22:02:10,forward,50,50
22:02:10,set_speed,50,50
22:02:10,forward,50,50
22:02:10,set_speed,50,50
22:02:10,forward,50,50
22:02:10,set_speed,50,50
22:02:10,forward,50,50
22:02:10,set_speed,50,50
22:02:10,forward,50,50
22:02:10,set_speed,50,50
22:02:10,forward,50,50
22:02:10,set_speed,50,50
22:02:10,forward,50,50
22:02:10,set_speed,50,50
22:02:10,forward,50,50
22:02:10,set_speed,50,50
22:02:10,forward,50,50
22:02:10,set_speed,50,50
22:02:10,forward,50,50
22:02:10,set_speed,50,50
22:02:10,forward,50,50
22:02:10,set_speed,50,50
22:02:10,forward,50,50
22:02:10,set_speed,50,50
22:02:10,forward,50,50
22:02:10,set_speed,50,50
22:02:10,forward,50,50
22:02:11,set_speed,50,50
22:02:11,forward,50,50
22:02:11,set_speed,50,50
22:02:11,forward,50,50
22:02:11,set_speed,50,50
22:02:11,forward,50,50
22:02:11,set_speed,50,50
22:02:11,forward,50,50
22:02:11,set_speed,50,50
22:02:11,forward,50,50
22:02:11,set_speed,50,50
22:02:11,forward,50,50
22:02:11,set_speed,50,50
22:02:11,forward,50,50
22:02:11,set_speed,50,50
22:02:11,forward,50,50
22:02:11,set_speed,50,50
22:02:11,forward,50,50
22:02:11,set_speed,50,50
22:02:11,forward,50,50
22:02:11,set_speed,50,50
22:02:11,forward,50,50
22:02:11,set_speed,50,50
22:02:11,forward,50,50
22:02:11,set_speed,50,50
22:02:11,forward,50,50
22:02:11,set_speed,50,50
22:02:11,forward,50,50
22:02:11,set_speed,50,50
22:02:11,forward,50,50
22:02:11,set_speed,50,50
22:02:11,forward,50,50
22:02:11,set_speed,50,50
22:02:11,forward,50,50
22:02:11,set_speed,50,50
22:02:11,forward,50,50
22:02:11,set_speed,50,50
22:02:11,forward,50,50
22:02:11,set_speed,50,50
22:02:11,forward,50,50
22:02:11,set_speed,50,50
22:02:11,forward,50,50
22:02:11,set_speed,50,50
22:02:11,forward,50,50
22:02:11,set_speed,50,50
22:02:11,forward,50,50
22:02:12,set_speed,50,50
22:02:12,forward,50,50
22:02:12,set_speed,50,50
22:02:12,forward,50,50
22:02:12,set_speed,50,50
22:02:12,forward,50,50
22:02:12,set_speed,50,50
22:02:12,forward,50,50
22:02:12,set_speed,50,50
22:02:12,forward,50,50
22:02:12,set_speed,50,50
22:02:12,forward,50,50
22:02:12,set_speed,50,50
22:02:12,forward,50,50
22:02:12,set_speed,50,50
22:02:12,forward,50,50
22:02:12,set_speed,50,50
22:02:12,forward,50,50
22:02:12,set_speed,50,50
22:02:12,forward,50,50
22:02:12,set_speed,50,50
22:02:12,forward,50,50
22:02:12,set_speed,50,50
22:02:12,forward,50,50
22:02:12,set_speed,50,50
22:02:12,forward,50,50
22:02:12,set_speed,50,50
22:02:12,forward,50,50
22:02:12,set_speed,50,50
22:02:12,forward,50,50
22:02:12,set_speed,50,50
22:02:12,forward,50,50
22:02:12,set_speed,50,50
22:02:12,forward,50,50
22:02:12,set_speed,50,50
22:02:12,forward,50,50
22:02:12,set_speed,50,50
22:02:12,forward,50,50
22:02:12,set_speed,50,50
22:02:12,forward,50,50
22:02:13,set_speed,50,50
22:02:13,forward,50,50
22:02:13,set_speed,50,50
22:02:13,forward,50,50
22:02:13,set_speed,50,50
22:02:13,forward,50,50
22:02:13,set_speed,50,50
22:02:13,forward,50,50
22:02:13,set_speed,50,50
22:02:13,forward,50,50
22:02:13,set_speed,50,-50
22:02:13,set_speed,50,-50
22:02:13,set_speed,50,-50
22:02:13,set_speed,50,50
22:02:13,forward,50,50
22:02:13,set_speed,50,50
22:02:13,forward,50,50
22:02:13,set_speed,50,50
22:02:13,forward,50,50
22:02:13,set_speed,50,50
22:02:13,forward,50,50
22:02:13,set_speed,50,50
22:02:13,forward,50,50
22:02:13,set_speed,50,50
22:02:13,forward,50,50
22:02:13,set_speed,50,50
22:02:13,forward,50,50
22:02:13,set_speed,50,50
22:02:13,forward,50,50
22:02:13,set_speed,50,50
22:02:13,forward,50,50
22:02:13,set_speed,50,50
22:02:13,forward,50,50
22:02:14,set_speed,50,50
22:02:14,forward,50,50
22:02:14,set_speed,50,50
22:02:14,forward,50,50
22:02:14,set_speed,50,50
22:02:14,forward,50,50
22:02:14,set_speed,50,50
22:02:14,forward,50,50
22:02:14,set_speed,50,50
22:02:14,forward,50,50
22:02:14,set_speed,50,50
22:02:14,forward,50,50
22:02:14,set_speed,50,50
22:02:14,forward,50,50
22:02:14,set_speed,50,50
22:02:14,forward,50,50
22:02:14,set_speed,50,50
22:02:14,forward,50,50
22:02:14,set_speed,50,50
22:02:14,forward,50,50
22:02:14,set_speed,50,50
22:02:14,forward,50,50
22:02:14,set_speed,50,50
22:02:14,forward,50,50
22:02:14,set_speed,50,50
22:02:14,forward,50,50
22:02:14,set_speed,50,50
22:02:14,forward,50,50
22:02:14,set_speed,50,50
22:02:14,forward,50,50
22:02:14,set_speed,50,50
22:02:14,forward,50,50
22:02:14,set_speed,50,50
22:02:14,forward,50,50
22:02:14,set_speed,50,50
22:02:14,forward,50,50
22:02:14,set_speed,50,50
22:02:14,forward,50,50
22:02:15,set_speed,50,50
22:02:15,forward,50,50
22:02:15,set_speed,50,50
22:02:15,forward,50,50
22:02:15,set_speed,50,50
22:02:15,forward,50,50
22:02:15,set_speed,50,50
22:02:15,forward,50,50
22:02:15,set_speed,50,50
22:02:15,forward,50,50
22:02:15,set_speed,50,50
22:02:15,forward,50,50
22:02:15,set_speed,50,50
22:02:15,forward,50,50
22:02:15,set_speed,50,50
22:02:15,forward,50,50
22:02:15,set_speed,50,50
22:02:15,forward,50,50
22:02:15,set_speed,50,50
22:02:15,forward,50,50
22:02:15,set_speed,50,50
22:02:15,forward,50,50
22:02:15,set_speed,50,50
22:02:15,forward,50,50
22:02:15,set_speed,50,50
22:02:15,forward,50,50
22:02:15,set_speed,50,50
22:02:15,forward,50,50
22:02:15,set_speed,50,50
22:02:15,forward,50,50
22:02:15,set_speed,50,50
22:02:15,forward,50,50
22:02:15,set_speed,50,50
22:02:15,forward,50,50
22:02:15,set_speed,50,50
22:02:15,forward,50,50
22:02:15,set_speed,50,50
22:02:15,forward,50,50
22:02:16,set_speed,50,50
22:02:16,forward,50,50
22:02:16,set_speed,50,50
22:02:16,forward,50,50
22:02:16,set_speed,50,50
22:02:16,forward,50,50
22:02:16,set_speed,50,50
22:02:16,forward,50,50
22:02:16,set_speed,50,50
22:02:16,forward,50,50
22:02:16,set_speed,50,50
22:02:16,forward,50,50
22:02:16,set_speed,50,50
22:02:16,forward,50,50
22:02:16,set_speed,50,50
22:02:16,forward,50,50
22:02:16,set_speed,50,50
22:02:16,forward,50,50
22:02:16,set_speed,50,50
22:02:16,forward,50,50
22:02:16,set_speed,50,50
22:02:16,forward,50,50
22:02:16,set_speed,50,50
22:02:16,forward,50,50
22:02:16,set_speed,50,50
22:02:16,forward,50,50
22:02:16,set_speed,50,50
22:02:16,forward,50,50
22:02:16,set_speed,50,50
22:02:16,forward,50,50
22:02:16,set_speed,50,50
22:02:16,forward,50,50
22:02:16,set_speed,50,50
22:02:16,forward,50,50
22:02:16,set_speed,50,50
22:02:16,forward,50,50
22:02:16,set_speed,50,50
22:02:16,forward,50,50
22:02:16,set_speed,50,50
22:02:16,forward,50,50
22:02:16,set_speed,50,50
22:02:16,forward,50,50
22:02:16,set_speed,50,50
22:02:16,forward,50,50
22:02:16,set_speed,50,50
22:02:16,forward,50,50
22:02:16,set_speed,50,50
22:02:16,forward,50,50
22:02:16,set_speed,50,50
22:02:17,forward,50,50
22:02:17,set_speed,50,50
22:02:17,forward,50,50
22:02:17,set_speed,50,50
22:02:17,forward,50,50
22:02:17,set_speed,50,50
22:02:17,forward,50,50
22:02:17,set_speed,50,50
22:02:17,forward,50,50
22:02:17,set_speed,50,50
22:02:17,forward,50,50
22:02:17,set_speed,50,50
22:02:17,forward,50,50
22:02:17,set_speed,50,50
22:02:17,forward,50,50
22:02:17,set_speed,50,50
22:02:17,forward,50,50
22:02:17,set_speed,50,50
22:02:17,forward,50,50
22:02:17,set_speed,50,50
22:02:17,forward,50,50
22:02:17,set_speed,50,50
22:02:17,forward,50,50
22:02:17,set_speed,50,50
22:02:17,forward,50,50
22:02:17,set_speed,50,50
22:02:17,forward,50,50
22:02:17,set_speed,50,50
22:02:17,forward,50,50
22:02:17,set_speed,50,50
22:02:17,forward,50,50
22:02:17,set_speed,50,50
22:02:17,forward,50,50
22:02:17,set_speed,50,50
22:02:17,forward,50,50
22:02:17,set_speed,50,50
22:02:17,forward,50,50
22:02:18,set_speed,50,50
22:02:18,forward,50,50
22:02:18,set_speed,50,50
22:02:18,forward,50,50
22:02:18,set_speed,50,50
22:02:18,forward,50,50
22:02:18,set_speed,50,50
22:02:18,forward,50,50
22:02:18,set_speed,50,50
22:02:18,forward,50,50
22:02:18,set_speed,50,50
22:02:18,forward,50,50
22:02:18,set_speed,50,50
22:02:18,forward,50,50
22:02:18,set_speed,50,50
22:02:18,forward,50,50
22:02:18,set_speed,50,50
22:02:18,forward,50,50
22:02:18,set_speed,50,50
22:02:18,forward,50,50
22:02:18,set_speed,50,50
22:02:18,forward,50,50
22:02:18,set_speed,50,50
22:02:18,forward,50,50
22:02:18,set_speed,50,50
22:02:18,forward,50,50
22:02:18,set_speed,50,50
22:02:18,forward,50,50
22:02:18,set_speed,50,50
22:02:18,forward,50,50
22:02:18,set_speed,50,50
22:02:18,forward,50,50
22:02:18,set_speed,50,50
22:02:18,forward,50,50
22:02:18,set_speed,50,50
22:02:18,forward,50,50
22:02:19,set_speed,50,50
22:02:19,forward,50,50
22:02:19,set_speed,50,50
22:02:19,forward,50,50
22:02:19,set_speed,50,50
22:02:19,forward,50,50
22:02:19,set_speed,50,50
22:02:19,forward,50,50
22:02:19,set_speed,50,50
22:02:19,forward,50,50
22:02:19,set_speed,50,50
22:02:19,forward,50,50
22:02:19,set_speed,50,50
22:02:19,forward,50,50
22:02:19,set_speed,50,50
22:02:19,forward,50,50
22:02:19,set_speed,50,50
22:02:19,forward,50,50
22:02:19,set_speed,50,50
22:02:19,forward,50,50
22:02:19,set_speed,50,50
22:02:19,forward,50,50
22:02:19,set_speed,50,50
22:02:19,forward,50,50
22:02:19,set_speed,50,50
22:02:19,forward,50,50
22:02:19,set_speed,50,50
22:02:19,forward,50,50
22:02:19,set_speed,50,50
22:02:19,forward,50,50
22:02:19,set_speed,50,50
22:02:19,forward,50,50
22:02:19,set_speed,50,50
22:02:19,forward,50,50
22:02:19,set_speed,50,50
22:02:19,forward,50,50
22:02:19,set_speed,50,50
22:02:19,forward,50,50
22:02:19,set_speed,0,0
22:02:19,stop,0,0
22:02:20,set_speed,-60,60
22:02:20,turn_left,-60,60
22:02:20,set_speed,0,0
22:02:20,stop,0,0
22:02:20,set_speed,50,50
22:02:20,forward,50,50
22:02:20,set_speed,0,0
22:02:20,stop,0,0
22:02:21,set_speed,60,60
22:02:21,forward,60,60
22:02:21,set_speed,0,0
22:02:21,stop,0,0
22:02:22,set_speed,0,0
22:02:22,stop,0,0
22:02:22,set_speed,60,60
22:02:22,forward,60,60
22:02:23,set_speed,0,0
22:02:23,stop,0,0
22:02:23,set_speed,0,0
22:02:23,stop,0,0
22:02:23,set_speed,60,60
22:02:23,forward,60,60
22:02:24,set_speed,0,0
22:02:24,stop,0,0
22:02:24,set_speed,0,0
22:02:24,stop,0,0
22:02:25,set_speed,-50,50
22:02:25,turn_left,-50,50
22:02:25,set_speed,0,0
22:02:25,stop,0,0
22:02:25,set_speed,0,0
22:02:25,stop,0,0
22:02:25,set_speed,-50,50
22:02:25,set_speed,-50,50
22:02:25,set_speed,-50,50
22:02:25,set_speed,-50,50
22:02:25,set_speed,-50,50
22:02:25,set_speed,50,50
22:02:25,forward,50,50
22:02:25,set_speed,50,50
22:02:25,forward,50,50
22:02:25,set_speed,50,50
22:02:25,forward,50,50
22:02:25,set_speed,50,50
22:02:25,forward,50,50
22:02:25,set_speed,50,50
22:02:25,forward,50,50
22:02:25,set_speed,50,50
22:02:25,forward,50,50
22:02:26,set_speed,50,50
22:02:26,forward,50,50
22:02:26,set_speed,50,50
22:02:26,forward,50,50
22:02:26,set_speed,50,50
22:02:26,forward,50,50
22:02:26,set_speed,50,50
22:02:26,forward,50,50
22:02:26,set_speed,50,50
22:02:26,forward,50,50
22:02:26,set_speed,50,50
22:02:26,forward,50,50
22:02:26,set_speed,50,50
22:02:26,forward,50,50
22:02:26,set_speed,50,50
22:02:26,forward,50,50
22:02:26,set_speed,50,50
22:02:26,forward,50,50
22:02:26,set_speed,50,50
22:02:26,forward,50,50
22:02:26,set_speed,50,50
22:02:26,forward,50,50
22:02:26,set_speed,50,50
22:02:26,forward,50,50
22:02:26,set_speed,50,50
22:02:26,forward,50,50
22:02:26,set_speed,50,50
22:02:26,forward,50,50
22:02:26,set_speed,50,50
22:02:26,forward,50,50
22:02:26,set_speed,50,50
22:02:26,forward,50,50
22:02:26,set_speed,50,50
22:02:26,forward,50,50
22:02:26,set_speed,50,50
22:02:26,forward,50,50
22:02:26,set_speed,50,50
22:02:26,forward,50,50
22:02:27,set_speed,50,50
22:02:27,forward,50,50
22:02:27,set_speed,50,50
22:02:27,forward,50,50
22:02:27,set_speed,50,50
22:02:27,forward,50,50
22:02:27,set_speed,50,-50
22:02:27,set_speed,50,-50
22:02:27,set_speed,50,-50
22:02:27,set_speed,50,50
22:02:27,forward,50,50
22:02:27,set_speed,50,50
22:02:27,forward,50,50
22:02:27,set_speed,50,50
22:02:27,forward,50,50
22:02:27,set_speed,50,50
22:02:27,forward,50,50
22:02:27,set_speed,50,50
22:02:27,forward,50,50
22:02:27,set_speed,50,50
22:02:27,forward,50,50
22:02:27,set_speed,50,50
22:02:27,forward,50,50
22:02:27,set_speed,50,50
22:02:27,forward,50,50
22:02:27,set_speed,50,50
22:02:27,forward,50,50
22:02:27,set_speed,50,50
22:02:27,forward,50,50
22:02:27,set_speed,50,50
22:02:27,forward,50,50
22:02:27,set_speed,50,50
22:02:27,forward,50,50
22:02:28,set_speed,50,50
22:02:28,forward,50,50
22:02:28,set_speed,50,50
22:02:28,forward,50,50
22:02:28,set_speed,50,50
22:02:28,forward,50,50
22:02:28,set_speed,50,50
22:02:28,forward,50,50
22:02:28,set_speed,50,50
22:02:28,forward,50,50
22:02:28,set_speed,50,50
22:02:28,forward,50,50
22:02:28,set_speed,50,50
22:02:28,forward,50,50
22:02:28,set_speed,50,50
22:02:28,forward,50,50
22:02:28,set_speed,50,50
22:02:28,forward,50,50
22:02:28,set_speed,50,50
22:02:28,forward,50,50
22:02:28,set_speed,50,50
22:02:28,forward,50,50
22:02:28,set_speed,50,50
22:02:28,forward,50,50
22:02:28,set_speed,50,50
22:02:28,forward,50,50
22:02:28,set_speed,50,50
22:02:28,forward,50,50
22:02:28,set_speed,50,50
22:02:28,forward,50,50
22:02:28,set_speed,50,50
22:02:28,forward,50,50
22:02:28,set_speed,50,50
22:02:28,forward,50,50
22:02:28,set_speed,50,50
22:02:28,forward,50,50
22:02:29,set_speed,50,50
22:02:29,forward,50,50
22:02:29,set_speed,50,50
22:02:29,forward,50,50
22:02:29,set_speed,50,50
22:02:29,forward,50,50
22:02:29,set_speed,50,50
22:02:29,forward,50,50
22:02:29,set_speed,50,50
22:02:29,forward,50,50
22:02:29,set_speed,50,50
22:02:29,forward,50,50
22:02:29,set_speed,50,50
22:02:29,forward,50,50
22:02:29,set_speed,50,50
22:02:29,forward,50,50
22:02:29,set_speed,50,50
22:02:29,forward,50,50
22:02:29,set_speed,50,50
22:02:29,forward,50,50
22:02:29,set_speed,50,50
22:02:29,forward,50,50
22:02:29,set_speed,50,50
22:02:29,forward,50,50
22:02:29,set_speed,50,50
22:02:29,forward,50,50
22:02:29,set_speed,50,50
22:02:29,forward,50,50
22:02:29,set_speed,50,50
22:02:29,forward,50,50
22:02:29,set_speed,50,50
22:02:29,forward,50,50
22:02:29,set_speed,50,50
22:02:29,forward,50,50
22:02:29,set_speed,50,50
22:02:29,forward,50,50
22:02:29,set_speed,50,50
22:02:29,forward,50,50
22:02:30,set_speed,50,50
22:02:30,forward,50,50
22:02:30,set_speed,50,50
22:02:30,forward,50,50
22:02:30,set_speed,50,50
22:02:30,forward,50,50
22:02:30,set_speed,50,50
22:02:30,forward,50,50
22:02:30,set_speed,50,50
22:02:30,forward,50,50
22:02:30,set_speed,50,50
22:02:30,forward,50,50
22:02:30,set_speed,50,50
22:02:30,forward,50,50
22:02:30,set_speed,50,50
22:02:30,forward,50,50
22:02:30,set_speed,50,50
22:02:30,forward,50,50
22:02:30,set_speed,50,50
22:02:30,forward,50,50
22:02:30,set_speed,50,50
22:02:30,forward,50,50
22:02:30,set_speed,50,50
22:02:30,forward,50,50
22:02:30,set_speed,50,50
22:02:30,forward,50,50
22:02:30,set_speed,50,50
22:02:30,forward,50,50
22:02:30,set_speed,50,50
22:02:30,forward,50,50
22:02:30,set_speed,50,50
22:02:30,forward,50,50
22:02:30,set_speed,50,50
22:02:30,forward,50,50
22:02:30,set_speed,50,50
22:02:30,forward,50,50
22:02:30,set_speed,50,50
22:02:30,forward,50,50
22:02:30,set_speed,50,50
22:02:30,forward,50,50
22:02:30,set_speed,50,50
22:02:30,forward,50,50
22:02:30,set_speed,50,50
22:02:30,forward,50,50
22:02:30,set_speed,50,50
22:02:30,forward,50,50
22:02:30,set_speed,50,50
22:02:30,forward,50,50
22:02:30,set_speed,50,50
22:02:30,forward,50,50
22:02:30,set_speed,50,50
22:02:30,forward,50,50
22:02:30,set_speed,50,50
22:02:30,forward,50,50
22:02:30,set_speed,50,50
22:02:30,forward,50,50
22:02:30,set_speed,50,50
22:02:30,forward,50,50
22:02:31,set_speed,50,50
22:02:31,forward,50,50
22:02:31,set_speed,50,50
22:02:31,forward,50,50
22:02:31,set_speed,50,50
22:02:31,forward,50,50
22:02:31,set_speed,50,50
22:02:31,forward,50,50
22:02:31,set_speed,50,50
22:02:31,forward,50,50
22:02:31,set_speed,50,50
22:02:31,forward,50,50
22:02:31,set_speed,50,50
22:02:31,forward,50,50
22:02:31,set_speed,50,50
22:02:31,forward,50,50
22:02:31,set_speed,50,50
22:02:31,forward,50,50
22:02:31,set_speed,50,50
22:02:31,forward,50,50
22:02:31,set_speed,50,50
22:02:31,forward,50,50
22:02:31,set_speed,50,50
22:02:31,forward,50,50
22:02:31,set_speed,50,50
22:02:31,forward,50,50
22:02:31,set_speed,50,50
22:02:31,forward,50,50
22:02:31,set_speed,50,50
22:02:31,forward,50,50
22:02:31,set_speed,50,50
22:02:31,forward,50,50
22:02:31,set_speed,50,50
22:02:31,forward,50,50
22:02:31,set_speed,50,50
22:02:31,forward,50,50
22:02:31,set_speed,50,50
22:02:31,forward,50,50
22:02:31,set_speed,50,50
22:02:31,forward,50,50
22:02:31,set_speed,50,50
22:02:31,forward,50,50
22:02:32,set_speed,50,50
22:02:32,forward,50,50
22:02:32,set_speed,50,50
22:02:32,forward,50,50
22:02:32,set_speed,50,50
22:02:32,forward,50,50
22:02:32,set_speed,50,50
22:02:32,forward,50,50
22:02:32,set_speed,50,50
22:02:32,forward,50,50
22:02:32,set_speed,50,50
22:02:32,forward,50,50
22:02:32,set_speed,50,50
22:02:32,forward,50,50
22:02:32,set_speed,50,50
22:02:32,forward,50,50
22:02:32,set_speed,50,50
22:02:32,forward,50,50
22:02:32,set_speed,50,50
22:02:32,forward,50,50
22:02:32,set_speed,50,50
22:02:32,forward,50,50
22:02:32,set_speed,50,50
22:02:32,forward,50,50
22:02:32,set_speed,50,50
22:02:32,forward,50,50
22:02:32,set_speed,50,50
22:02:32,forward,50,50
22:02:32,set_speed,50,50
22:02:32,forward,50,50
22:02:32,set_speed,50,50
22:02:32,forward,50,50
22:02:32,set_speed,50,50
22:02:32,forward,50,50
22:02:32,set_speed,50,50
22:02:32,forward,50,50
22:02:32,set_speed,50,50
22:02:32,forward,50,50
22:02:33,set_speed,50,50
22:02:33,forward,50,50
22:02:33,set_speed,50,50
22:02:33,forward,50,50
22:02:33,set_speed,50,50
22:02:33,forward,50,50
22:02:33,set_speed,50,50
22:02:33,forward,50,50
22:02:33,set_speed,50,50
22:02:33,forward,50,50
22:02:33,set_speed,50,50
22:02:33,forward,50,50
22:02:33,set_speed,50,50
22:02:33,forward,50,50
22:02:33,set_speed,50,50
22:02:33,forward,50,50
22:02:33,set_speed,50,50
22:02:33,forward,50,50
22:02:33,set_speed,50,50
22:02:33,forward,50,50
22:02:33,set_speed,50,50
22:02:33,forward,50,50
22:02:33,set_speed,50,50
22:02:33,forward,50,50
22:02:33,set_speed,50,50
22:02:33,forward,50,50
22:02:33,set_speed,50,50
22:02:33,forward,50,50
22:02:33,set_speed,50,50
22:02:33,forward,50,50
22:02:33,set_speed,50,50
22:02:33,forward,50,50
22:02:33,set_speed,50,50
22:02:33,forward,50,50
22:02:33,set_speed,50,50
22:02:33,forward,50,50
22:02:33,set_speed,50,50
22:02:33,forward,50,50
22:02:34,set_speed,50,50
22:02:34,forward,50,50
22:02:34,set_speed,50,50
22:02:34,forward,50,50
22:02:34,set_speed,50,50
22:02:34,forward,50,50
22:02:34,set_speed,50,50
22:02:34,forward,50,50
22:02:34,set_speed,50,50
22:02:34,forward,50,50
22:02:34,set_speed,50,50
22:02:34,forward,50,50
22:02:34,set_speed,50,50
22:02:34,forward,50,50
22:02:34,set_speed,50,50
22:02:34,forward,50,50
22:02:34,set_speed,50,50
22:02:34,forward,50,50
22:02:34,set_speed,50,50
22:02:34,forward,50,50
22:02:34,set_speed,50,50
22:02:34,forward,50,50
22:02:34,set_speed,50,50
22:02:34,forward,50,50
22:02:34,set_speed,50,50
22:02:34,forward,50,50
22:02:34,set_speed,50,50
22:02:34,forward,50,50
22:02:34,set_speed,50,50
22:02:34,forward,50,50
22:02:34,set_speed,0,0
22:02:34,stop,0,0
22:02:35,set_speed,-60,60
22:02:35,turn_left,-60,60
22:02:35,set_speed,0,0
22:02:35,stop,0,0
22:02:35,set_speed,0,0
22:02:35,stop,0,0
22:02:36,set_speed,60,60
22:02:36,forward,60,60
22:02:37,set_speed,0,0
22:02:37,stop,0,0
22:02:37,set_speed,0,0
22:02:37,stop,0,0
22:02:37,set_speed,60,60
22:02:37,forward,60,60
22:02:38,set_speed,0,0
22:02:38,stop,0,0
22:02:38,set_speed,0,0
22:02:38,stop,0,0
22:02:38,set_speed,-50,50
22:02:38,turn_left,-50,50
22:02:39,set_speed,0,0
22:02:39,stop,0,0
22:02:39,set_speed,0,0
22:02:39,stop,0,0
22:02:39,set_speed,-50,50
22:02:39,set_speed,-50,50
22:02:39,set_speed,-50,50
22:02:39,set_speed,-50,50
22:02:39,set_speed,-50,50
22:02:39,set_speed,50,50
22:02:39,forward,50,50
22:02:39,set_speed,50,50
22:02:39,forward,50,50
22:02:39,set_speed,50,50
22:02:39,forward,50,50
22:02:39,set_speed,50,50
22:02:39,forward,50,50
22:02:39,set_speed,50,50
22:02:39,forward,50,50
22:02:39,set_speed,50,50
22:02:39,forward,50,50
22:02:39,set_speed,50,50
22:02:39,forward,50,50
22:02:39,set_speed,50,50
22:02:39,forward,50,50
22:02:39,set_speed,50,50
22:02:39,forward,50,50
22:02:39,set_speed,50,50
22:02:39,forward,50,50
22:02:39,set_speed,50,50
22:02:39,forward,50,50
22:02:39,set_speed,50,50
22:02:39,forward,50,50
22:02:40,set_speed,50,50
22:02:40,forward,50,50
22:02:40,set_speed,50,50
22:02:40,forward,50,50
22:02:40,set_speed,50,50
22:02:40,forward,50,50
22:02:40,set_speed,50,50
22:02:40,forward,50,50
22:02:40,set_speed,50,50
22:02:40,forward,50,50
22:02:40,set_speed,50,50
22:02:40,forward,50,50
22:02:40,set_speed,50,50
22:02:40,forward,50,50
22:02:40,set_speed,50,50
22:02:40,forward,50,50
22:02:40,set_speed,50,50
22:02:40,forward,50,50
22:02:40,set_speed,50,50
22:02:40,forward,50,50
22:02:40,set_speed,50,50
22:02:40,forward,50,50
22:02:40,set_speed,50,50
22:02:40,forward,50,50
22:02:40,set_speed,50,50
22:02:40,forward,50,50
22:02:40,set_speed,50,50
22:02:40,forward,50,50
22:02:40,set_speed,50,50
22:02:40,forward,50,50
22:02:40,set_speed,50,50
22:02:40,forward,50,50
22:02:40,set_speed,50,50
22:02:40,forward,50,50
22:02:40,set_speed,50,50
22:02:40,forward,50,50
22:02:40,set_speed,50,50
22:02:40,forward,50,50
22:02:41,set_speed,50,50
22:02:41,forward,50,50
22:02:41,set_speed,50,50
22:02:41,forward,50,50
22:02:41,set_speed,50,50
22:02:41,forward,50,50
22:02:41,set_speed,50,50
22:02:41,forward,50,50
22:02:41,set_speed,50,50
22:02:41,forward,50,50
22:02:41,set_speed,50,50
22:02:41,forward,50,50
22:02:41,set_speed,50,50
22:02:41,forward,50,50
22:02:41,set_speed,50,50
22:02:41,forward,50,50
22:02:41,set_speed,50,50
22:02:41,forward,50,50
22:02:41,set_speed,50,50
22:02:41,forward,50,50
22:02:41,set_speed,50,50
22:02:41,forward,50,50
22:02:41,set_speed,50,50
22:02:41,forward,50,50
22:02:41,set_speed,50,50
22:02:41,forward,50,50
22:02:41,set_speed,50,50
22:02:41,forward,50,50
22:02:41,set_speed,50,50
22:02:41,forward,50,50
22:02:41,set_speed,50,50
22:02:41,forward,50,50
22:02:41,set_speed,50,50
22:02:41,forward,50,50
22:02:41,set_speed,50,50
22:02:41,forward,50,50
22:02:41,set_speed,50,50
22:02:41,forward,50,50
22:02:42,set_speed,50,50
22:02:42,forward,50,50
22:02:42,set_speed,50,50
22:02:42,forward,50,50
22:02:42,set_speed,50,50
22:02:42,forward,50,50
22:02:42,set_speed,50,50
22:02:42,forward,50,50
22:02:42,set_speed,50,50
22:02:42,forward,50,50
22:02:42,set_speed,50,50
22:02:42,forward,50,50
22:02:42,set_speed,50,50
22:02:42,forward,50,50
22:02:42,set_speed,50,50
22:02:42,forward,50,50
22:02:42,set_speed,50,50
22:02:42,forward,50,50
22:02:42,set_speed,50,50
22:02:42,forward,50,50
22:02:42,set_speed,50,50
22:02:42,forward,50,50
22:02:42,set_speed,50,50
22:02:42,forward,50,50
22:02:42,set_speed,50,50
22:02:42,forward,50,50
22:02:42,set_speed,50,50
22:02:42,forward,50,50
22:02:42,set_speed,50,50
22:02:42,forward,50,50
22:02:42,set_speed,50,50
22:02:42,forward,50,50
22:02:42,set_speed,50,50
22:02:42,forward,50,50
22:02:42,set_speed,50,50
22:02:42,forward,50,50
22:02:42,set_speed,50,50
22:02:42,forward,50,50
22:02:42,set_speed,50,50
22:02:42,forward,50,50
22:02:42,set_speed,50,50
22:02:42,forward,50,50
22:02:43,set_speed,50,50
22:02:43,forward,50,50
22:02:43,set_speed,50,50
22:02:43,forward,50,50
22:02:43,set_speed,50,50
22:02:43,forward,50,50
22:02:43,set_speed,50,50
22:02:43,forward,50,50
22:02:43,set_speed,50,50
22:02:43,forward,50,50
22:02:43,set_speed,50,50
22:02:43,forward,50,50
22:02:43,set_speed,50,50
22:02:43,forward,50,50
22:02:43,set_speed,50,50
22:02:43,forward,50,50
22:02:43,set_speed,50,50
22:02:43,forward,50,50
22:02:43,set_speed,50,50
22:02:43,forward,50,50
22:02:43,set_speed,50,50
22:02:43,forward,50,50
22:02:43,set_speed,50,-50
22:02:43,set_speed,50,-50
22:02:43,set_speed,50,-50
22:02:43,set_speed,50,50
22:02:43,forward,50,50
22:02:43,set_speed,50,50
22:02:43,forward,50,50
22:02:43,set_speed,50,50
22:02:43,forward,50,50
22:02:43,set_speed,50,50
22:02:43,forward,50,50
22:02:44,set_speed,50,50
22:02:44,forward,50,50
22:02:44,set_speed,50,50
22:02:44,forward,50,50
22:02:44,set_speed,50,50
22:02:44,forward,50,50
22:02:44,set_speed,50,50
22:02:44,forward,50,50
22:02:44,set_speed,50,50
22:02:44,forward,50,50
22:02:44,set_speed,50,50
22:02:44,forward,50,50
22:02:44,set_speed,50,50
22:02:44,forward,50,50
22:02:44,set_speed,50,50
22:02:44,forward,50,50
22:02:44,set_speed,50,50
22:02:44,forward,50,50
22:02:44,set_speed,50,50
22:02:44,forward,50,50
22:02:44,set_speed,50,50
22:02:44,forward,50,50
22:02:44,set_speed,50,50
22:02:44,forward,50,50
22:02:44,set_speed,50,50
22:02:44,forward,50,50
22:02:44,set_speed,50,50
22:02:44,forward,50,50
22:02:44,set_speed,50,50
22:02:44,forward,50,50
22:02:44,set_speed,50,50
22:02:44,forward,50,50
22:02:44,set_speed,50,50
22:02:44,forward,50,50
22:02:44,set_speed,50,50
22:02:44,forward,50,50
22:02:44,set_speed,50,50
22:02:44,forward,50,50
22:02:44,set_speed,50,50
22:02:44,forward,50,50
22:02:44,set_speed,50,50
22:02:44,forward,50,50
22:02:45,set_speed,50,50
22:02:45,forward,50,50
22:02:45,set_speed,50,50
22:02:45,forward,50,50
22:02:45,set_speed,50,50
22:02:45,forward,50,50
22:02:45,set_speed,50,50
22:02:45,forward,50,50
22:02:45,set_speed,50,50
22:02:45,forward,50,50
22:02:45,set_speed,50,50
22:02:45,forward,50,50
22:02:45,set_speed,50,50
22:02:45,forward,50,50
22:02:45,set_speed,50,50
22:02:45,forward,50,50
22:02:45,set_speed,50,50
22:02:45,forward,50,50
22:02:45,set_speed,50,50
22:02:45,forward,50,50
22:02:45,set_speed,50,50
22:02:45,forward,50,50
22:02:45,set_speed,50,50
22:02:45,forward,50,50
22:02:45,set_speed,50,50
22:02:45,forward,50,50
22:02:45,set_speed,50,50
22:02:45,forward,50,50
22:02:45,set_speed,50,50
22:02:45,forward,50,50
22:02:45,set_speed,50,50
22:02:45,forward,50,50
22:02:45,set_speed,50,50
22:02:45,forward,50,50
22:02:45,set_speed,50,50
22:02:45,forward,50,50
22:02:45,set_speed,50,50
22:02:45,forward,50,50
22:02:45,set_speed,50,50
22:02:45,forward,50,50
22:02:45,set_speed,50,50
22:02:45,forward,50,50
22:02:45,set_speed,50,50
22:02:45,forward,50,50
22:02:45,set_speed,50,50
22:02:45,forward,50,50
22:02:45,set_speed,50,50
22:02:45,forward,50,50
22:02:45,set_speed,50,50
22:02:45,forward,50,50
22:02:45,set_speed,50,50
22:02:45,forward,50,50
22:02:45,set_speed,50,50
22:02:45,forward,50,50
22:02:46,set_speed,50,50
22:02:46,forward,50,50
22:02:46,set_speed,50,50
22:02:46,forward,50,50
22:02:46,set_speed,50,50
22:02:46,forward,50,50
22:02:46,set_speed,50,50
22:02:46,forward,50,50
22:02:46,set_speed,50,50
22:02:46,forward,50,50
22:02:46,set_speed,50,50
22:02:46,forward,50,50
22:02:46,set_speed,0,0
22:02:46,stop,0,0
22:02:46,set_speed,-60,60
22:02:46,turn_left,-60,60
22:02:47,set_speed,0,0
22:02:47,stop,0,0
22:02:47,set_speed,50,50
22:02:47,forward,50,50
22:02:47,set_speed,0,0
22:02:47,stop,0,0
22:02:48,set_speed,50,-50
22:02:48,turn_right,50,-50
22:02:48,set_speed,0,0
22:02:48,stop,0,0
22:02:48,set_speed,0,0
22:02:48,stop,0,0
22:02:48,set_speed,50,-50
22:02:48,set_speed,50,-50
22:02:48,set_speed,50,-50
22:02:48,set_speed,50,-50
22:02:48,set_speed,50,-50
22:02:48,set_speed,0,0
22:02:48,stop,0,0
22:02:49,set_speed,-60,60
22:02:49,turn_left,-60,60
22:02:49,set_speed,0,0
22:02:49,stop,0,0
22:02:50,set_speed,0,0
22:02:50,stop,0,0
22:02:50,set_speed,50,-50
22:02:50,turn_right,50,-50
22:02:50,set_speed,0,0
22:02:50,stop,0,0
22:02:50,set_speed,0,0
22:02:50,stop,0,0
22:02:51,set_speed,50,50
22:02:51,forward,50,50
22:02:51,set_speed,0,0
22:02:51,stop,0,0
22:02:51,set_speed,50,-50
22:02:51,turn_right,50,-50
22:02:51,set_speed,0,0
22:02:51,stop,0,0
22:02:51,set_speed,0,0
22:02:51,stop,0,0
22:02:52,set_speed,0,0
22:02:52,stop,0,0
22:02:52,set_speed,-60,60
22:02:52,turn_left,-60,60
22:02:53,set_speed,0,0
22:02:53,stop,0,0
22:02:53,set_speed,0,0
22:02:53,stop,0,0
22:02:53,set_speed,50,-50
22:02:53,turn_right,50,-50
22:02:54,set_speed,0,0
22:02:54,stop,0,0
22:02:54,set_speed,0,0
22:02:54,stop,0,0
22:02:54,set_speed,50,50
22:02:54,forward,50,50
22:02:54,set_speed,0,0
22:02:54,stop,0,0
22:02:54,set_speed,50,-50
22:02:54,turn_right,50,-50
22:02:55,set_speed,0,0
22:02:55,stop,0,0
22:02:55,set_speed,0,0
22:02:55,stop,0,0
22:02:55,set_speed,0,0
22:02:55,stop,0,0
22:02:55,set_speed,60,-60
22:02:55,turn_right,60,-60
22:02:56,set_speed,0,0
22:02:56,stop,0,0
22:02:56,set_speed,0,0
22:02:56,stop,0,0
22:02:56,set_speed,-50,50
22:02:56,turn_left,-50,50
22:02:57,set_speed,0,0
22:02:57,stop,0,0
22:02:57,set_speed,0,0
22:02:57,stop,0,0
22:02:57,set_speed,-50,50
22:02:57,set_speed,-50,50
22:02:57,set_speed,-50,50
22:02:57,set_speed,0,0
22:02:57,stop,0,0
22:02:57,set_speed,60,-60
22:02:57,turn_right,60,-60
22:02:58,set_speed,0,0
22:02:58,stop,0,0
22:02:58,set_speed,50,-50
22:02:58,set_speed,50,-50
22:02:58,set_speed,50,50
22:02:58,forward,50,50
22:02:58,set_speed,50,50
22:02:58,forward,50,50
22:02:58,set_speed,50,50
22:02:58,forward,50,50
22:02:58,set_speed,50,50
22:02:58,forward,50,50
22:02:58,set_speed,50,50
22:02:58,forward,50,50
22:02:58,set_speed,50,50
22:02:58,forward,50,50
22:02:58,set_speed,50,50
22:02:58,forward,50,50
22:02:59,set_speed,50,50
22:02:59,forward,50,50
22:02:59,set_speed,50,50
22:02:59,forward,50,50
22:02:59,set_speed,50,50
22:02:59,forward,50,50
22:02:59,set_speed,50,50
22:02:59,forward,50,50
22:02:59,set_speed,50,50
22:02:59,forward,50,50
22:02:59,set_speed,0,0
22:02:59,stop,0,0
22:02:59,set_speed,-50,50
22:02:59,turn_left,-50,50
22:03:00,set_speed,0,0
22:03:00,stop,0,0
22:03:00,set_speed,0,0
22:03:00,stop,0,0
22:03:00,set_speed,50,-50
22:03:00,set_speed,50,-50
22:03:00,set_speed,50,-50
22:03:00,set_speed,50,-50
22:03:00,set_speed,50,-50
22:03:00,set_speed,50,-50
22:03:00,set_speed,50,-50
22:03:00,set_speed,50,-50
22:03:00,set_speed,50,50
22:03:00,forward,50,50
22:03:00,set_speed,50,50
22:03:00,forward,50,50
22:03:00,set_speed,50,50
22:03:00,forward,50,50
22:03:00,set_speed,50,50
22:03:00,forward,50,50
22:03:00,set_speed,0,0
22:03:00,stop,0,0
22:03:01,set_speed,50,-50
22:03:01,turn_right,50,-50
22:03:01,set_speed,0,0
22:03:01,stop,0,0
22:03:01,set_speed,0,0
22:03:01,stop,0,0
22:03:01,set_speed,50,50
22:03:01,forward,50,50
22:03:02,set_speed,0,0
22:03:02,stop,0,0
22:03:02,set_speed,-50,50
22:03:02,turn_left,-50,50
22:03:02,set_speed,0,0
22:03:02,stop,0,0
22:03:02,set_speed,0,0
22:03:02,stop,0,0
22:03:03,set_speed,-50,50
22:03:03,set_speed,50,50
22:03:03,forward,50,50
22:03:03,set_speed,50,50
22:03:03,forward,50,50
22:03:03,set_speed,50,50
22:03:03,forward,50,50
22:03:03,set_speed,50,50
22:03:03,forward,50,50
22:03:03,set_speed,50,50
22:03:03,forward,50,50
22:03:03,set_speed,50,50
22:03:03,forward,50,50
22:03:03,set_speed,50,50
22:03:03,forward,50,50
22:03:03,set_speed,50,50
22:03:03,forward,50,50
22:03:03,set_speed,50,50
22:03:03,forward,50,50
22:03:03,set_speed,50,50
22:03:03,forward,50,50
22:03:03,set_speed,0,0
22:03:03,stop,0,0
22:03:04,set_speed,-50,50
22:03:04,turn_left,-50,50
22:03:04,set_speed,0,0
22:03:04,stop,0,0
22:03:04,set_speed,0,0
22:03:04,stop,0,0
22:03:04,set_speed,50,-50
22:03:04,set_speed,50,-50
22:03:04,set_speed,50,-50
22:03:04,set_speed,50,-50
22:03:04,set_speed,50,-50
22:03:04,set_speed,50,-50
22:03:04,set_speed,50,-50
22:03:05,set_speed,50,-50
22:03:05,set_speed,50,-50
22:03:05,set_speed,50,50
22:03:05,forward,50,50
22:03:05,set_speed,50,50
22:03:05,forward,50,50
22:03:05,set_speed,50,50
22:03:05,forward,50,50
22:03:05,set_speed,50,50
22:03:05,forward,50,50
22:03:05,set_speed,50,50
22:03:05,forward,50,50
22:03:05,set_speed,50,50
22:03:05,forward,50,50
22:03:05,set_speed,50,50
22:03:05,forward,50,50
22:03:05,set_speed,50,50
22:03:05,forward,50,50
22:03:05,set_speed,50,50
22:03:05,forward,50,50
22:03:05,set_speed,50,50
22:03:05,forward,50,50
22:03:05,set_speed,50,50
22:03:05,forward,50,50
22:03:05,set_speed,50,50
22:03:05,forward,50,50
22:03:05,set_speed,50,50
22:03:05,forward,50,50
22:03:05,set_speed,50,50
22:03:05,forward,50,50
22:03:05,set_speed,50,50
22:03:05,forward,50,50
22:03:05,set_speed,50,50
22:03:05,forward,50,50
22:03:06,set_speed,50,50
22:03:06,forward,50,50
22:03:06,set_speed,50,50
22:03:06,forward,50,50
22:03:06,set_speed,50,50
22:03:06,forward,50,50
22:03:06,set_speed,50,50
22:03:06,forward,50,50
22:03:06,set_speed,50,50
22:03:06,forward,50,50
22:03:06,set_speed,50,50
22:03:06,forward,50,50
22:03:06,set_speed,50,50
22:03:06,forward,50,50
22:03:06,set_speed,50,50
22:03:06,forward,50,50
22:03:06,set_speed,50,50
22:03:06,forward,50,50
22:03:06,set_speed,50,50
22:03:06,forward,50,50
22:03:06,set_speed,50,50
22:03:06,forward,50,50
22:03:06,set_speed,50,50
22:03:06,forward,50,50
22:03:06,set_speed,-50,50
22:03:06,set_speed,50,50
22:03:06,forward,50,50
22:03:06,set_speed,50,50
22:03:06,forward,50,50
22:03:06,set_speed,50,50
22:03:06,forward,50,50
22:03:06,set_speed,50,50
22:03:06,forward,50,50
22:03:06,set_speed,50,50
22:03:06,forward,50,50
22:03:06,set_speed,50,50
22:03:06,forward,50,50
22:03:07,set_speed,50,50
22:03:07,forward,50,50
22:03:07,set_speed,50,50
22:03:07,forward,50,50
22:03:07,set_speed,50,50
22:03:07,forward,50,50
22:03:07,set_speed,50,50
22:03:07,forward,50,50
22:03:07,set_speed,50,50
22:03:07,forward,50,50
22:03:07,set_speed,50,50
22:03:07,forward,50,50
22:03:07,set_speed,50,50
22:03:07,forward,50,50
22:03:07,set_speed,50,50
22:03:07,forward,50,50
22:03:07,set_speed,50,50
22:03:07,forward,50,50
22:03:07,set_speed,50,50
22:03:07,forward,50,50
22:03:07,set_speed,50,50
22:03:07,forward,50,50
22:03:07,set_speed,50,50
22:03:07,forward,50,50
22:03:07,set_speed,50,50
22:03:07,forward,50,50
22:03:07,set_speed,50,50
22:03:07,forward,50,50
22:03:07,set_speed,50,50
22:03:07,forward,50,50
22:03:07,set_speed,50,50
22:03:07,forward,50,50
22:03:07,set_speed,50,50
22:03:07,forward,50,50
22:03:07,set_speed,50,50
22:03:07,forward,50,50
22:03:07,set_speed,50,50
22:03:07,forward,50,50
22:03:08,set_speed,50,50
22:03:08,forward,50,50
22:03:08,set_speed,50,50
22:03:08,forward,50,50
22:03:08,set_speed,50,50
22:03:08,forward,50,50
22:03:08,set_speed,50,50
22:03:08,forward,50,50
22:03:08,set_speed,50,50
22:03:08,forward,50,50
22:03:08,set_speed,50,50
22:03:08,forward,50,50
22:03:08,set_speed,50,50
22:03:08,forward,50,50
22:03:08,set_speed,50,50
22:03:08,forward,50,50
22:03:08,set_speed,50,50
22:03:08,forward,50,50
22:03:08,set_speed,50,50
22:03:08,forward,50,50
22:03:08,set_speed,50,50
22:03:08,forward,50,50
22:03:08,set_speed,50,50
22:03:08,forward,50,50
22:03:08,set_speed,50,50
22:03:08,forward,50,50
22:03:08,set_speed,50,50
22:03:08,forward,50,50
22:03:08,set_speed,50,50
22:03:08,forward,50,50
22:03:08,set_speed,50,50
22:03:08,forward,50,50
22:03:08,set_speed,50,50
22:03:08,forward,50,50
22:03:08,set_speed,50,50
22:03:08,forward,50,50
22:03:08,set_speed,50,50
22:03:08,forward,50,50
22:03:09,set_speed,50,50
22:03:09,forward,50,50
22:03:09,set_speed,50,50
22:03:09,forward,50,50
22:03:09,set_speed,50,50
22:03:09,forward,50,50
22:03:09,set_speed,50,50
22:03:09,forward,50,50
22:03:09,set_speed,50,50
22:03:09,forward,50,50
22:03:09,set_speed,50,50
22:03:09,forward,50,50
22:03:09,set_speed,50,50
22:03:09,forward,50,50
22:03:09,set_speed,50,50
22:03:09,forward,50,50
22:03:09,set_speed,50,50
22:03:09,forward,50,50
22:03:09,set_speed,50,50
22:03:09,forward,50,50
22:03:09,set_speed,50,50
22:03:09,forward,50,50
22:03:09,set_speed,50,50
22:03:09,forward,50,50
22:03:09,set_speed,50,50
22:03:09,forward,50,50
22:03:09,set_speed,50,50
22:03:09,forward,50,50
22:03:09,set_speed,50,50
22:03:09,forward,50,50
22:03:09,set_speed,50,50
22:03:09,forward,50,50
22:03:09,set_speed,50,50
22:03:09,forward,50,50
22:03:09,set_speed,50,50
22:03:09,forward,50,50
22:03:09,set_speed,50,50
22:03:09,forward,50,50
22:03:09,set_speed,50,50
22:03:09,forward,50,50
22:03:09,set_speed,50,50
22:03:09,forward,50,50
22:03:09,set_speed,50,50
22:03:09,forward,50,50
22:03:09,set_speed,50,50
22:03:09,forward,50,50
22:03:09,set_speed,50,50
22:03:09,forward,50,50
22:03:09,set_speed,50,50
22:03:09,forward,50,50
22:03:09,set_speed,50,50
22:03:09,forward,50,50
22:03:09,set_speed,50,50
22:03:09,forward,50,50
22:03:10,set_speed,50,50
22:03:10,forward,50,50
22:03:10,set_speed,50,50
22:03:10,forward,50,50
22:03:10,set_speed,50,50
22:03:10,forward,50,50
22:03:10,set_speed,50,50
22:03:10,forward,50,50
22:03:10,set_speed,50,50
22:03:10,forward,50,50
22:03:10,set_speed,50,50
22:03:10,forward,50,50
22:03:10,set_speed,50,50
22:03:10,forward,50,50
22:03:10,set_speed,50,50
22:03:10,forward,50,50
22:03:10,set_speed,50,50
22:03:10,forward,50,50
22:03:10,set_speed,50,50
22:03:10,forward,50,50
22:03:10,set_speed,50,50
22:03:10,forward,50,50
22:03:10,set_speed,50,50
22:03:10,forward,50,50
22:03:10,set_speed,50,50
22:03:10,forward,50,50
22:03:10,set_speed,50,50
22:03:10,forward,50,50
22:03:10,set_speed,50,50
22:03:10,forward,50,50
22:03:10,set_speed,50,50
22:03:10,forward,50,50
22:03:10,set_speed,50,50
22:03:10,forward,50,50
22:03:10,set_speed,50,50
22:03:10,forward,50,50
22:03:10,set_speed,50,50
22:03:10,forward,50,50
22:03:11,set_speed,50,50
22:03:11,forward,50,50
22:03:11,set_speed,50,50
22:03:11,forward,50,50
22:03:11,set_speed,50,50
22:03:11,forward,50,50
22:03:11,set_speed,50,50
22:03:11,forward,50,50
22:03:11,set_speed,50,50
22:03:11,forward,50,50
22:03:11,set_speed,50,50
22:03:11,forward,50,50
22:03:11,set_speed,50,50
22:03:11,forward,50,50
22:03:11,set_speed,50,50
22:03:11,forward,50,50
22:03:11,set_speed,50,50
22:03:11,forward,50,50
22:03:11,set_speed,50,50
22:03:11,forward,50,50
22:03:11,set_speed,50,50
22:03:11,forward,50,50
22:03:11,set_speed,50,50
22:03:11,forward,50,50
22:03:11,set_speed,50,50
22:03:11,forward,50,50
22:03:11,set_speed,50,50
22:03:11,forward,50,50
22:03:11,set_speed,50,50
22:03:11,forward,50,50
22:03:11,set_speed,50,50
22:03:11,forward,50,50
22:03:11,set_speed,50,50
22:03:11,forward,50,50
22:03:11,set_speed,50,50
22:03:11,forward,50,50
22:03:12,set_speed,50,50
22:03:12,forward,50,50
22:03:12,set_speed,50,50
22:03:12,forward,50,50
22:03:12,set_speed,50,50
22:03:12,forward,50,50
22:03:12,set_speed,50,50
22:03:12,forward,50,50
22:03:12,set_speed,50,50
22:03:12,forward,50,50
22:03:12,set_speed,50,50
22:03:12,forward,50,50
22:03:12,set_speed,50,50
22:03:12,forward,50,50
22:03:12,set_speed,50,50
22:03:12,forward,50,50
22:03:12,set_speed,50,50
22:03:12,forward,50,50
22:03:12,set_speed,50,50
22:03:12,forward,50,50
22:03:12,set_speed,50,50
22:03:12,forward,50,50
22:03:12,set_speed,50,50
22:03:12,forward,50,50
22:03:12,set_speed,50,50
22:03:12,forward,50,50
22:03:12,set_speed,50,50
22:03:12,forward,50,50
22:03:12,set_speed,50,50
22:03:12,forward,50,50
22:03:12,set_speed,50,50
22:03:12,forward,50,50
22:03:12,set_speed,50,50
22:03:12,forward,50,50
22:03:12,set_speed,50,50
22:03:12,forward,50,50
22:03:12,set_speed,50,50
22:03:12,forward,50,50
22:03:12,set_speed,50,50
22:03:12,forward,50,50
22:03:12,set_speed,50,50
22:03:12,forward,50,50
22:03:12,set_speed,50,50
22:03:12,forward,50,50
22:03:12,set_speed,50,50
22:03:12,forward,50,50
22:03:12,set_speed,50,50
22:03:12,forward,50,50
22:03:13,set_speed,50,50
22:03:13,forward,50,50
22:03:13,set_speed,50,50
22:03:13,forward,50,50
22:03:13,set_speed,50,50
22:03:13,forward,50,50
22:03:13,set_speed,50,50
22:03:13,forward,50,50
22:03:13,set_speed,50,50
22:03:13,forward,50,50
22:03:13,set_speed,50,50
22:03:13,forward,50,50
22:03:13,set_speed,50,50
22:03:13,forward,50,50
22:03:13,set_speed,50,50
22:03:13,forward,50,50
22:03:13,set_speed,50,50
22:03:13,forward,50,50
22:03:13,set_speed,50,50
22:03:13,forward,50,50
22:03:13,set_speed,50,50
22:03:13,forward,50,50
22:03:13,set_speed,50,50
22:03:13,forward,50,50
22:03:13,set_speed,50,50
22:03:13,forward,50,50
22:03:13,set_speed,50,50
22:03:13,forward,50,50
22:03:13,set_speed,50,50
22:03:13,forward,50,50
22:03:13,set_speed,50,50
22:03:13,forward,50,50
22:03:13,set_speed,50,50
22:03:13,forward,50,50
22:03:13,set_speed,50,-50
22:03:13,set_speed,50,-50
22:03:13,set_speed,50,-50
22:03:13,set_speed,50,50
22:03:13,forward,50,50
22:03:13,set_speed,50,50
22:03:13,forward,50,50
22:03:13,set_speed,50,50
22:03:13,forward,50,50
22:03:13,set_speed,50,50
22:03:13,forward,50,50
22:03:13,set_speed,50,50
22:03:13,forward,50,50
22:03:13,set_speed,50,50
22:03:13,forward,50,50
22:03:13,set_speed,50,50
22:03:13,forward,50,50
22:03:14,set_speed,50,50
22:03:14,forward,50,50
22:03:14,set_speed,50,50
22:03:14,forward,50,50
22:03:14,set_speed,50,50
22:03:14,forward,50,50
22:03:14,set_speed,50,50
22:03:14,forward,50,50
22:03:14,set_speed,50,50
22:03:14,forward,50,50
22:03:14,set_speed,50,50
22:03:14,forward,50,50
22:03:14,set_speed,50,50
22:03:14,forward,50,50
22:03:14,set_speed,50,50
22:03:14,forward,50,50
22:03:14,set_speed,50,50
22:03:14,forward,50,50
22:03:14,set_speed,50,50
22:03:14,forward,50,50
22:03:14,set_speed,50,50
22:03:14,forward,50,50
22:03:14,set_speed,50,50
22:03:14,forward,50,50
22:03:14,set_speed,50,50
22:03:14,forward,50,50
22:03:14,set_speed,50,50
22:03:14,forward,50,50
22:03:14,set_speed,50,50
22:03:14,forward,50,50
22:03:14,set_speed,50,50
22:03:14,forward,50,50
22:03:14,set_speed,50,50
22:03:14,forward,50,50
22:03:14,set_speed,50,50
22:03:14,forward,50,50
22:03:14,set_speed,50,50
22:03:14,forward,50,50
22:03:15,set_speed,50,50
22:03:15,forward,50,50
22:03:15,set_speed,50,50
22:03:15,forward,50,50
22:03:15,set_speed,50,50
22:03:15,forward,50,50
22:03:15,set_speed,50,50
22:03:15,forward,50,50
22:03:15,set_speed,50,50
22:03:15,forward,50,50
22:03:15,set_speed,50,50
22:03:15,forward,50,50
22:03:15,set_speed,50,50
22:03:15,forward,50,50
22:03:15,set_speed,50,50
22:03:15,forward,50,50
22:03:15,set_speed,50,50
22:03:15,forward,50,50
22:03:15,set_speed,50,50
22:03:15,forward,50,50
22:03:15,set_speed,50,50
22:03:15,forward,50,50
22:03:15,set_speed,50,50
22:03:15,forward,50,50
22:03:15,set_speed,50,50
22:03:15,forward,50,50
22:03:15,set_speed,50,50
22:03:15,forward,50,50
22:03:15,set_speed,50,50
22:03:15,forward,50,50
22:03:15,set_speed,50,50
22:03:15,forward,50,50
22:03:15,set_speed,50,50
22:03:15,forward,50,50
22:03:15,set_speed,50,50
22:03:15,forward,50,50
22:03:16,set_speed,50,50
22:03:16,forward,50,50
22:03:16,set_speed,50,50
22:03:16,forward,50,50
22:03:16,set_speed,50,50
22:03:16,forward,50,50
22:03:16,set_speed,50,50
22:03:16,forward,50,50
22:03:16,set_speed,50,50
22:03:16,forward,50,50
22:03:16,set_speed,50,50
22:03:16,forward,50,50
22:03:16,set_speed,50,50
22:03:16,forward,50,50
22:03:16,set_speed,50,50
22:03:16,forward,50,50
22:03:16,set_speed,50,50
22:03:16,forward,50,50
22:03:16,set_speed,50,50
22:03:16,forward,50,50
22:03:16,set_speed,50,50
22:03:16,forward,50,50
22:03:16,set_speed,50,50
22:03:16,forward,50,50
22:03:16,set_speed,50,50
22:03:16,forward,50,50
22:03:16,set_speed,50,50
22:03:16,forward,50,50
22:03:16,set_speed,50,50
22:03:16,forward,50,50
22:03:16,set_speed,50,50
22:03:16,forward,50,50
22:03:16,set_speed,50,50
22:03:16,forward,50,50
22:03:16,set_speed,50,50
22:03:16,forward,50,50
22:03:16,set_speed,50,50
22:03:16,forward,50,50
22:03:16,set_speed,50,50
22:03:16,forward,50,50
22:03:16,set_speed,50,50
22:03:16,forward,50,50
22:03:16,set_speed,50,50
22:03:16,forward,50,50
22:03:16,set_speed,50,50
22:03:16,forward,50,50
22:03:16,set_speed,50,50
22:03:16,forward,50,50
22:03:16,set_speed,50,50
22:03:16,forward,50,50
22:03:16,set_speed,50,50
22:03:16,forward,50,50
22:03:16,set_speed,50,50
22:03:16,forward,50,50
22:03:16,set_speed,50,50
22:03:16,forward,50,50
22:03:16,set_speed,50,50
22:03:16,forward,50,50
22:03:16,set_speed,50,50
22:03:16,forward,50,50
22:03:17,set_speed,50,50
22:03:17,forward,50,50
22:03:17,set_speed,50,50
22:03:17,forward,50,50
22:03:17,set_speed,50,50
22:03:17,forward,50,50
22:03:17,set_speed,50,50
22:03:17,forward,50,50
22:03:17,set_speed,50,50
22:03:17,forward,50,50
22:03:17,set_speed,50,50
22:03:17,forward,50,50
22:03:17,set_speed,50,50
22:03:17,forward,50,50
22:03:17,set_speed,50,50
22:03:17,forward,50,50
22:03:17,set_speed,50,50
22:03:17,forward,50,50
22:03:17,set_speed,50,50
22:03:17,forward,50,50
22:03:17,set_speed,50,50
22:03:17,forward,50,50
22:03:17,set_speed,50,50
22:03:17,forward,50,50
22:03:17,set_speed,50,50
22:03:17,forward,50,50
22:03:17,set_speed,50,50
22:03:17,forward,50,50
22:03:17,set_speed,50,50
22:03:17,forward,50,50
22:03:17,set_speed,50,50
22:03:17,forward,50,50
22:03:17,set_speed,50,50
22:03:17,forward,50,50
22:03:17,set_speed,50,50
22:03:17,forward,50,50
22:03:17,set_speed,50,50
22:03:17,forward,50,50
22:03:17,set_speed,0,0
22:03:17,stop,0,0
22:03:17,set_speed,-60,60
22:03:17,turn_left,-60,60
22:03:18,set_speed,0,0
22:03:18,stop,0,0
22:03:18,set_speed,0,0
22:03:18,stop,0,0
22:03:19,set_speed,60,60
22:03:19,forward,60,60
22:03:19,set_speed,0,0
22:03:19,stop,0,0
22:03:19,set_speed,-50,50
22:03:19,set_speed,-50,50
22:03:19,set_speed,-50,50
22:03:19,set_speed,-50,50
22:03:20,set_speed,-50,50
22:03:20,set_speed,-50,50
22:03:20,set_speed,-50,50
22:03:20,set_speed,-50,50
22:03:20,set_speed,-50,50
22:03:20,set_speed,-50,50
22:03:20,set_speed,50,50
22:03:20,forward,50,50
22:03:20,set_speed,50,50
22:03:20,forward,50,50
22:03:20,set_speed,50,50
22:03:20,forward,50,50
22:03:20,set_speed,50,-50
22:03:20,set_speed,50,-50
22:03:20,set_speed,50,-50
22:03:20,set_speed,50,50
22:03:20,forward,50,50
22:03:20,set_speed,50,50
22:03:20,forward,50,50
22:03:20,set_speed,50,50
22:03:20,forward,50,50
22:03:20,set_speed,50,50
22:03:20,forward,50,50
22:03:20,set_speed,50,50
22:03:20,forward,50,50
22:03:21,set_speed,50,50
22:03:21,forward,50,50
22:03:21,set_speed,50,50
22:03:21,forward,50,50
22:03:21,set_speed,50,50
22:03:21,forward,50,50
22:03:21,set_speed,50,50
22:03:21,forward,50,50
22:03:21,set_speed,50,50
22:03:21,forward,50,50
22:03:21,set_speed,50,50
22:03:21,forward,50,50
22:03:21,set_speed,50,50
22:03:21,forward,50,50
22:03:21,set_speed,50,50
22:03:21,forward,50,50
22:03:21,set_speed,50,50
22:03:21,forward,50,50
22:03:21,set_speed,50,50
22:03:21,forward,50,50
22:03:21,set_speed,50,50
22:03:21,forward,50,50
22:03:21,set_speed,50,50
22:03:21,forward,50,50
22:03:21,set_speed,50,50
22:03:21,forward,50,50
22:03:21,set_speed,50,50
22:03:21,forward,50,50
22:03:21,set_speed,50,50
22:03:21,forward,50,50
22:03:21,set_speed,50,50
22:03:21,forward,50,50
22:03:21,set_speed,50,50
22:03:21,forward,50,50
22:03:21,set_speed,50,50
22:03:21,forward,50,50
22:03:22,set_speed,50,50
22:03:22,forward,50,50
22:03:22,set_speed,50,50
22:03:22,forward,50,50
22:03:22,set_speed,50,50
22:03:22,forward,50,50
22:03:22,set_speed,50,50
22:03:22,forward,50,50
22:03:22,set_speed,50,50
22:03:22,forward,50,50
22:03:22,set_speed,50,50
22:03:22,forward,50,50
22:03:22,set_speed,50,50
22:03:22,forward,50,50
22:03:22,set_speed,50,50
22:03:22,forward,50,50
22:03:22,set_speed,50,50
22:03:22,forward,50,50
22:03:22,set_speed,50,50
22:03:22,forward,50,50
22:03:22,set_speed,50,50
22:03:22,forward,50,50
22:03:22,set_speed,50,50
22:03:22,forward,50,50
22:03:22,set_speed,50,50
22:03:22,forward,50,50
22:03:22,set_speed,50,50
22:03:22,forward,50,50
22:03:22,set_speed,50,50
22:03:22,forward,50,50
22:03:22,set_speed,50,50
22:03:22,forward,50,50
22:03:23,set_speed,50,50
22:03:23,forward,50,50
22:03:23,set_speed,50,50
22:03:23,forward,50,50
22:03:23,set_speed,50,50
22:03:23,forward,50,50
22:03:23,set_speed,50,50
22:03:23,forward,50,50
22:03:23,set_speed,50,50
22:03:23,forward,50,50
22:03:23,set_speed,50,50
22:03:23,forward,50,50
22:03:23,set_speed,50,50
22:03:23,forward,50,50
22:03:23,set_speed,50,50
22:03:23,forward,50,50
22:03:23,set_speed,50,50
22:03:23,forward,50,50
22:03:23,set_speed,50,50
22:03:23,forward,50,50
22:03:23,set_speed,50,50
22:03:23,forward,50,50
22:03:23,set_speed,50,50
22:03:23,forward,50,50
22:03:23,set_speed,50,50
22:03:23,forward,50,50
22:03:23,set_speed,50,50
22:03:23,forward,50,50
22:03:23,set_speed,50,50
22:03:23,forward,50,50
22:03:23,set_speed,50,50
22:03:23,forward,50,50
22:03:23,set_speed,50,50
22:03:23,forward,50,50
22:03:23,set_speed,50,50
22:03:23,forward,50,50
22:03:23,set_speed,50,50
22:03:23,forward,50,50
22:03:23,set_speed,50,50
22:03:23,forward,50,50
22:03:23,set_speed,50,50
22:03:23,forward,50,50
22:03:23,set_speed,50,50
22:03:23,forward,50,50
22:03:23,set_speed,50,50
22:03:23,forward,50,50
22:03:24,set_speed,50,50
22:03:24,forward,50,50
22:03:24,set_speed,50,50
22:03:24,forward,50,50
22:03:24,set_speed,50,50
22:03:24,forward,50,50
22:03:24,set_speed,50,50
22:03:24,forward,50,50
22:03:24,set_speed,50,50
22:03:24,forward,50,50
22:03:24,set_speed,50,50
22:03:24,forward,50,50
22:03:24,set_speed,50,50
22:03:24,forward,50,50
22:03:24,set_speed,50,50
22:03:24,forward,50,50
22:03:24,set_speed,50,50
22:03:24,forward,50,50
22:03:24,set_speed,50,50
22:03:24,forward,50,50
22:03:24,set_speed,50,50
22:03:24,forward,50,50
22:03:24,set_speed,50,50
22:03:24,forward,50,50
22:03:24,set_speed,50,50
22:03:24,forward,50,50
22:03:24,set_speed,50,50
22:03:24,forward,50,50
22:03:24,set_speed,50,50
22:03:24,forward,50,50
22:03:24,set_speed,50,50
22:03:24,forward,50,50
22:03:24,set_speed,50,50
22:03:24,forward,50,50
22:03:24,set_speed,50,50
22:03:24,forward,50,50
22:03:25,set_speed,50,50
22:03:25,forward,50,50
22:03:25,set_speed,50,50
22:03:25,forward,50,50
22:03:25,set_speed,50,50
22:03:25,forward,50,50
22:03:25,set_speed,50,50
22:03:25,forward,50,50
22:03:25,set_speed,50,50
22:03:25,forward,50,50
22:03:25,set_speed,50,50
22:03:25,forward,50,50
22:03:25,set_speed,50,50
22:03:25,forward,50,50
22:03:25,set_speed,50,50
22:03:25,forward,50,50
22:03:25,set_speed,50,50
22:03:25,forward,50,50
22:03:25,set_speed,50,50
22:03:25,forward,50,50
22:03:25,set_speed,50,50
22:03:25,forward,50,50
22:03:25,set_speed,50,50
22:03:25,forward,50,50
22:03:25,set_speed,50,50
22:03:25,forward,50,50
22:03:25,set_speed,50,50
22:03:25,forward,50,50
22:03:25,set_speed,50,50
22:03:25,forward,50,50
22:03:25,set_speed,50,50
22:03:25,forward,50,50
22:03:25,set_speed,50,50
22:03:25,forward,50,50
22:03:25,set_speed,50,50
22:03:25,forward,50,50
22:03:25,set_speed,50,50
22:03:25,forward,50,50
22:03:25,set_speed,50,50
22:03:25,forward,50,50
22:03:26,set_speed,50,50
22:03:26,forward,50,50
22:03:26,set_speed,50,50
22:03:26,forward,50,50
22:03:26,set_speed,50,50
22:03:26,forward,50,50
22:03:26,set_speed,50,50
22:03:26,forward,50,50
22:03:26,set_speed,50,50
22:03:26,forward,50,50
22:03:26,set_speed,50,50
22:03:26,forward,50,50
22:03:26,set_speed,50,50
22:03:26,forward,50,50
22:03:26,set_speed,50,50
22:03:26,forward,50,50
22:03:26,set_speed,50,50
22:03:26,forward,50,50
22:03:26,set_speed,50,50
22:03:26,forward,50,50
22:03:26,set_speed,50,50
22:03:26,forward,50,50
22:03:26,set_speed,50,50
22:03:26,forward,50,50
22:03:26,set_speed,50,50
22:03:26,forward,50,50
22:03:26,set_speed,50,50
22:03:26,forward,50,50
22:03:26,set_speed,50,50
22:03:26,forward,50,50
22:03:26,set_speed,50,50
22:03:26,forward,50,50
22:03:26,set_speed,50,50
22:03:26,forward,50,50
22:03:26,set_speed,50,50
22:03:26,forward,50,50
22:03:26,set_speed,50,50
22:03:26,forward,50,50
22:03:26,set_speed,50,50
22:03:26,forward,50,50
22:03:26,set_speed,50,50
22:03:26,forward,50,50
22:03:26,set_speed,50,50
22:03:26,forward,50,50
22:03:27,set_speed,50,50
22:03:27,forward,50,50
22:03:27,set_speed,50,50
22:03:27,forward,50,50
22:03:27,set_speed,50,50
22:03:27,forward,50,50
22:03:27,set_speed,50,50
22:03:27,forward,50,50
22:03:27,set_speed,50,50
22:03:27,forward,50,50
22:03:27,set_speed,50,50
22:03:27,forward,50,50
22:03:27,set_speed,50,50
22:03:27,forward,50,50
22:03:27,set_speed,50,50
22:03:27,forward,50,50
22:03:27,set_speed,50,50
22:03:27,forward,50,50
22:03:27,set_speed,50,-50
22:03:27,set_speed,50,50
22:03:27,forward,50,50
22:03:27,set_speed,50,50
22:03:27,forward,50,50
22:03:27,set_speed,50,50
22:03:27,forward,50,50
22:03:27,set_speed,50,50
22:03:27,forward,50,50
22:03:27,set_speed,50,50
22:03:27,forward,50,50
22:03:27,set_speed,50,50
22:03:27,forward,50,50
22:03:27,set_speed,50,50
22:03:27,forward,50,50
22:03:27,set_speed,50,50
22:03:27,forward,50,50
22:03:28,set_speed,50,50
22:03:28,forward,50,50
22:03:28,set_speed,50,50
22:03:28,forward,50,50
22:03:28,set_speed,50,50
22:03:28,forward,50,50
22:03:28,set_speed,50,50
22:03:28,forward,50,50
22:03:28,set_speed,50,50
22:03:28,forward,50,50
22:03:28,set_speed,50,50
22:03:28,forward,50,50
22:03:28,set_speed,50,50
22:03:28,forward,50,50
22:03:28,set_speed,50,50
22:03:28,forward,50,50
22:03:28,set_speed,50,50
22:03:28,forward,50,50
22:03:28,set_speed,50,50
22:03:28,forward,50,50
22:03:28,set_speed,50,50
22:03:28,forward,50,50
22:03:28,set_speed,50,50
22:03:28,forward,50,50
22:03:28,set_speed,50,50
22:03:28,forward,50,50
22:03:28,set_speed,50,50
22:03:28,forward,50,50
22:03:28,set_speed,50,50
22:03:28,forward,50,50
22:03:28,set_speed,50,50
22:03:28,forward,50,50
22:03:28,set_speed,50,50
22:03:28,forward,50,50
22:03:28,set_speed,50,50
22:03:28,forward,50,50
22:03:28,set_speed,50,50
22:03:28,forward,50,50
22:03:28,set_speed,50,50
22:03:28,forward,50,50
22:03:28,set_speed,50,50
22:03:28,forward,50,50
22:03:29,set_speed,50,50
22:03:29,forward,50,50
22:03:29,set_speed,50,-50
22:03:29,set_speed,50,-50
22:03:29,set_speed,50,-50
22:03:29,set_speed,50,50
22:03:29,forward,50,50
22:03:29,set_speed,50,50
22:03:29,forward,50,50
22:03:29,set_speed,50,50
22:03:29,forward,50,50
22:03:29,set_speed,50,50
22:03:29,forward,50,50
22:03:29,set_speed,50,50
22:03:29,forward,50,50
22:03:29,set_speed,50,50
22:03:29,forward,50,50
22:03:29,set_speed,50,50
22:03:29,forward,50,50
22:03:29,set_speed,50,50
22:03:29,forward,50,50
22:03:29,set_speed,50,50
22:03:29,forward,50,50
22:03:29,set_speed,50,50
22:03:29,forward,50,50
22:03:29,set_speed,50,50
22:03:29,forward,50,50
22:03:29,set_speed,50,50
22:03:29,forward,50,50
22:03:29,set_speed,50,50
22:03:29,forward,50,50
22:03:29,set_speed,50,50
22:03:29,forward,50,50
22:03:29,set_speed,50,50
22:03:29,forward,50,50
22:03:30,set_speed,50,50
22:03:30,forward,50,50
22:03:30,set_speed,50,50
22:03:30,forward,50,50
22:03:30,set_speed,50,50
22:03:30,forward,50,50
22:03:30,set_speed,50,50
22:03:30,forward,50,50
22:03:30,set_speed,50,50
22:03:30,forward,50,50
22:03:30,set_speed,50,50
22:03:30,forward,50,50
22:03:30,set_speed,50,50
22:03:30,forward,50,50
22:03:30,set_speed,50,50
22:03:30,forward,50,50
22:03:30,set_speed,50,50
22:03:30,forward,50,50
22:03:30,set_speed,50,50
22:03:30,forward,50,50
22:03:30,set_speed,50,50
22:03:30,forward,50,50
22:03:30,set_speed,50,50
22:03:30,forward,50,50
22:03:30,set_speed,50,50
22:03:30,forward,50,50
22:03:30,set_speed,50,50
22:03:30,forward,50,50
22:03:30,set_speed,50,50
22:03:30,forward,50,50
22:03:30,set_speed,50,50
22:03:30,forward,50,50
22:03:30,set_speed,50,50
22:03:30,forward,50,50
22:03:31,set_speed,50,50
22:03:31,forward,50,50
22:03:31,set_speed,50,50
22:03:31,forward,50,50
22:03:31,set_speed,50,50
22:03:31,forward,50,50
22:03:31,set_speed,50,50
22:03:31,forward,50,50
22:03:31,set_speed,0,0
22:03:31,stop,0,0
22:03:31,set_speed,-60,60
22:03:31,turn_left,-60,60
22:03:32,set_speed,0,0
22:03:32,stop,0,0
22:03:32,set_speed,0,0
22:03:32,stop,0,0
22:03:32,set_speed,60,60
22:03:32,forward,60,60
22:03:33,set_speed,0,0
22:03:33,stop,0,0
22:03:33,set_speed,0,0
22:03:33,stop,0,0
22:03:34,set_speed,-50,50
22:03:34,turn_left,-50,50
22:03:34,set_speed,0,0
22:03:34,stop,0,0
22:03:34,set_speed,0,0
22:03:34,stop,0,0
22:03:34,set_speed,0,0
22:03:34,stop,0,0
22:03:35,set_speed,60,60
22:03:35,forward,60,60
22:03:35,set_speed,0,0
22:03:35,stop,0,0
22:03:35,set_speed,0,0
22:03:35,stop,0,0
22:03:36,set_speed,60,60
22:03:36,forward,60,60
22:03:36,set_speed,0,0
22:03:36,stop,0,0
22:03:36,set_speed,0,0
22:03:36,stop,0,0
22:03:37,set_speed,60,60
22:03:37,forward,60,60
22:03:38,set_speed,0,0
22:03:38,stop,0,0
22:03:38,set_speed,0,0
22:03:38,stop,0,0
22:03:38,set_speed,60,60
22:03:38,forward,60,60
22:03:39,set_speed,0,0
22:03:39,stop,0,0
22:03:39,set_speed,0,0
22:03:39,stop,0,0
22:03:39,set_speed,60,60
22:03:39,forward,60,60
22:03:40,set_speed,0,0
22:03:40,stop,0,0
22:03:40,set_speed,0,0
22:03:40,stop,0,0
22:03:41,set_speed,-50,50
22:03:41,turn_left,-50,50
22:03:41,set_speed,0,0
22:03:41,stop,0,0
22:03:41,set_speed,0,0
22:03:41,stop,0,0
22:03:41,set_speed,0,0
22:03:41,stop,0,0
22:03:42,set_speed,50,-50
22:03:42,turn_right,50,-50
22:03:42,set_speed,0,0
22:03:42,stop,0,0
22:03:42,set_speed,0,0
22:03:42,stop,0,0
22:03:42,set_speed,0,0
22:03:42,stop,0,0
22:03:43,set_speed,60,60
22:03:43,forward,60,60
22:03:43,set_speed,0,0
22:03:43,stop,0,0
22:03:43,set_speed,0,0
22:03:43,stop,0,0
22:03:44,set_speed,60,60
22:03:44,forward,60,60
22:03:44,set_speed,0,0
22:03:44,stop,0,0
22:03:45,set_speed,0,0
22:03:45,stop,0,0
22:03:45,set_speed,60,60
22:03:45,forward,60,60
22:03:46,set_speed,0,0
22:03:46,stop,0,0
22:03:46,set_speed,0,0
22:03:46,stop,0,0
22:03:46,set_speed,60,60
22:03:46,forward,60,60
22:03:47,set_speed,0,0
22:03:47,stop,0,0
22:03:47,set_speed,0,0
22:03:47,stop,0,0
22:03:47,set_speed,60,60
22:03:47,forward,60,60
22:03:48,set_speed,0,0
22:03:48,stop,0,0
22:03:48,set_speed,0,0
22:03:48,stop,0,0
22:03:49,set_speed,60,60
22:03:49,forward,60,60
22:03:49,set_speed,0,0
22:03:49,stop,0,0
22:03:50,set_speed,0,0
22:03:50,stop,0,0
22:03:50,set_speed,-50,50
22:03:50,turn_left,-50,50
22:03:50,set_speed,0,0
22:03:50,stop,0,0
22:03:50,set_speed,0,0
22:03:50,stop,0,0
22:03:51,set_speed,0,0
22:03:51,stop,0,0
22:03:51,set_speed,50,-50
22:03:51,turn_right,50,-50
22:03:51,set_speed,0,0
22:03:51,stop,0,0
22:03:51,set_speed,0,0
22:03:51,stop,0,0
22:03:51,set_speed,0,0
22:03:51,stop,0,0
22:03:52,set_speed,-50,50
22:03:52,turn_left,-50,50
22:03:52,set_speed,0,0
22:03:52,stop,0,0
22:03:52,set_speed,0,0
22:03:52,stop,0,0
22:03:52,set_speed,0,0
22:03:52,stop,0,0
22:03:53,set_speed,-50,50
22:03:53,turn_left,-50,50
22:03:53,set_speed,0,0
22:03:53,stop,0,0
22:03:53,set_speed,0,0
22:03:53,stop,0,0
22:03:53,set_speed,0,0
22:03:53,stop,0,0
